player_1_score,player_2_score,player_1_moves,player_2_moves,total_moves,n_start_marbles,n_cups,player_1_result,player_2_result,first_move,player_one_strategy,player_two_strategy,game_run_time,depth
33,15,70,47,117,4,6,win,lose,2,min_max,min_max,0.005926609039306641,0.0
21,27,61,57,118,4,6,lose,win,1,min_max,min_max,0.0045397281646728516,0.0
25,23,53,54,107,4,6,win,lose,2,min_max,min_max,0.004458189010620117,0.0
30,18,76,63,139,4,6,win,lose,2,min_max,min_max,0.004863739013671875,0.0
26,22,70,48,118,4,6,win,lose,5,min_max,min_max,0.0051038265228271484,0.0
31,17,76,39,115,4,6,win,lose,5,min_max,min_max,0.005167722702026367,0.0
23,25,62,47,109,4,6,lose,win,3,min_max,min_max,0.005018711090087891,0.0
28,20,69,47,116,4,6,win,lose,2,min_max,min_max,0.005218505859375,0.0
22,26,68,71,139,4,6,lose,win,4,min_max,min_max,0.004989147186279297,0.0
26,22,54,60,114,4,6,win,lose,5,min_max,min_max,0.0040760040283203125,0.0
28,20,64,51,115,4,6,win,lose,4,min_max,min_max,0.005364418029785156,0.0
24,24,55,58,113,4,6,draw,draw,4,min_max,min_max,0.004236936569213867,0.0
28,20,63,56,119,4,6,win,lose,3,min_max,min_max,0.004623889923095703,0.0
29,19,71,63,134,4,6,win,lose,1,min_max,min_max,0.005637645721435547,0.0
17,31,37,33,70,4,6,lose,win,2,min_max,min_max,0.0025348663330078125,0.0
24,24,80,59,139,4,6,draw,draw,3,min_max,min_max,0.005128622055053711,0.0
23,25,44,67,111,4,6,lose,win,5,min_max,min_max,0.0045185089111328125,0.0
32,16,59,48,107,4,6,win,lose,2,min_max,min_max,0.003697633743286133,0.0
31,17,68,52,120,4,6,win,lose,6,min_max,min_max,0.005318164825439453,0.0
28,20,85,52,137,4,6,win,lose,6,min_max,min_max,0.005305290222167969,0.0
30,18,49,41,90,4,6,win,lose,2,min_max,min_max,0.003984212875366211,0.0
28,20,74,57,131,4,6,win,lose,2,min_max,min_max,0.0052738189697265625,0.0
24,24,64,56,120,4,6,draw,draw,3,min_max,min_max,0.004804372787475586,0.0
20,28,46,64,110,4,6,lose,win,6,min_max,min_max,0.0047245025634765625,0.0
24,24,70,61,131,4,6,draw,draw,4,min_max,min_max,0.00535130500793457,0.0
27,21,66,59,125,4,6,win,lose,6,min_max,min_max,0.0052776336669921875,0.0
27,21,65,54,119,4,6,win,lose,6,min_max,min_max,0.004728794097900391,0.0
27,21,68,51,119,4,6,win,lose,1,min_max,min_max,0.004769325256347656,0.0
29,19,64,51,115,4,6,win,lose,5,min_max,min_max,0.004944324493408203,0.0
26,22,57,56,113,4,6,win,lose,5,min_max,min_max,0.003839254379272461,0.0
28,20,66,54,120,4,6,win,lose,1,min_max,min_max,0.00462651252746582,0.0
30,18,72,37,109,4,6,win,lose,1,min_max,min_max,0.004015445709228516,0.0
21,27,62,76,138,4,6,lose,win,5,min_max,min_max,0.0056798458099365234,0.0
22,26,40,55,95,4,6,lose,win,5,min_max,min_max,0.004603862762451172,0.0
33,15,78,40,118,4,6,win,lose,5,min_max,min_max,0.005110025405883789,0.0
25,23,72,58,130,4,6,win,lose,3,min_max,min_max,0.005040168762207031,0.0
25,23,53,37,90,4,6,win,lose,6,min_max,min_max,0.005193471908569336,0.0
22,26,49,67,116,4,6,lose,win,6,min_max,min_max,0.005541086196899414,0.0
30,18,67,48,115,4,6,win,lose,2,min_max,min_max,0.004790067672729492,0.0
25,23,64,44,108,4,6,win,lose,4,min_max,min_max,0.003937482833862305,0.0
24,24,68,57,125,4,6,draw,draw,4,min_max,min_max,0.005004167556762695,0.0
26,22,64,62,126,4,6,win,lose,6,min_max,min_max,0.0049839019775390625,0.0
25,23,70,65,135,4,6,win,lose,1,min_max,min_max,0.0042781829833984375,0.0
25,23,71,60,131,4,6,win,lose,4,min_max,min_max,0.004854917526245117,0.0
19,29,44,77,121,4,6,lose,win,3,min_max,min_max,0.005246877670288086,0.0
28,20,66,44,110,4,6,win,lose,1,min_max,min_max,0.004274845123291016,0.0
27,21,63,34,97,4,6,win,lose,3,min_max,min_max,0.004062652587890625,0.0
23,25,64,44,108,4,6,lose,win,5,min_max,min_max,0.004296302795410156,0.0
32,16,74,47,121,4,6,win,lose,1,min_max,min_max,0.004949808120727539,0.0
30,18,70,51,121,4,6,win,lose,4,min_max,min_max,0.004624128341674805,0.0
30,18,58,43,101,4,6,win,lose,2,min_max,min_max,0.004329204559326172,0.0
31,17,74,57,131,4,6,win,lose,3,min_max,min_max,0.005580902099609375,0.0
29,19,70,53,123,4,6,win,lose,5,min_max,min_max,0.004824638366699219,0.0
23,25,54,49,103,4,6,lose,win,2,min_max,min_max,0.004043102264404297,0.0
24,24,64,60,124,4,6,draw,draw,1,min_max,min_max,0.003913164138793945,0.0
26,22,68,54,122,4,6,win,lose,5,min_max,min_max,0.004907846450805664,0.0
23,25,60,62,122,4,6,lose,win,1,min_max,min_max,0.005026817321777344,0.0
28,20,70,44,114,4,6,win,lose,5,min_max,min_max,0.003993988037109375,0.0
27,21,58,51,109,4,6,win,lose,2,min_max,min_max,0.0049991607666015625,0.0
22,26,59,54,113,4,6,lose,win,3,min_max,min_max,0.0041959285736083984,0.0
28,20,70,67,137,4,6,win,lose,4,min_max,min_max,0.0058863162994384766,0.0
28,20,71,63,134,4,6,win,lose,5,min_max,min_max,0.005313396453857422,0.0
32,16,72,48,120,4,6,win,lose,4,min_max,min_max,0.0044286251068115234,0.0
32,16,76,40,116,4,6,win,lose,4,min_max,min_max,0.004305601119995117,0.0
23,25,57,57,114,4,6,lose,win,4,min_max,min_max,0.0044689178466796875,0.0
27,21,71,64,135,4,6,win,lose,1,min_max,min_max,0.004693031311035156,0.0
20,28,62,75,137,4,6,lose,win,1,min_max,min_max,0.005063533782958984,0.0
28,20,63,52,115,4,6,win,lose,6,min_max,min_max,0.004697561264038086,0.0
29,19,76,42,118,4,6,win,lose,6,min_max,min_max,0.005216836929321289,0.0
29,19,73,54,127,4,6,win,lose,1,min_max,min_max,0.005456209182739258,0.0
24,24,47,54,101,4,6,draw,draw,3,min_max,min_max,0.004140377044677734,0.0
29,19,75,41,116,4,6,win,lose,1,min_max,min_max,0.004479646682739258,0.0
26,22,50,48,98,4,6,win,lose,3,min_max,min_max,0.004036664962768555,0.0
26,22,77,59,136,4,6,win,lose,5,min_max,min_max,0.004956722259521484,0.0
22,26,53,64,117,4,6,lose,win,4,min_max,min_max,0.005069732666015625,0.0
27,21,61,52,113,4,6,win,lose,3,min_max,min_max,0.005261421203613281,0.0
17,31,44,77,121,4,6,lose,win,3,min_max,min_max,0.00527644157409668,0.0
31,17,75,47,122,4,6,win,lose,2,min_max,min_max,0.005759000778198242,0.0
27,21,70,37,107,4,6,win,lose,2,min_max,min_max,0.004726886749267578,0.0
24,24,51,44,95,4,6,draw,draw,3,min_max,min_max,0.004157543182373047,0.0
25,23,62,65,127,4,6,win,lose,5,min_max,min_max,0.004918336868286133,0.0
24,24,71,55,126,4,6,draw,draw,2,min_max,min_max,0.005322694778442383,0.0
29,19,69,56,125,4,6,win,lose,4,min_max,min_max,0.004671812057495117,0.0
26,22,67,61,128,4,6,win,lose,6,min_max,min_max,0.004884958267211914,0.0
25,23,67,54,121,4,6,win,lose,2,min_max,min_max,0.004940032958984375,0.0
27,21,62,52,114,4,6,win,lose,1,min_max,min_max,0.0046539306640625,0.0
27,21,68,52,120,4,6,win,lose,2,min_max,min_max,0.004206180572509766,0.0
32,16,74,46,120,4,6,win,lose,4,min_max,min_max,0.004770040512084961,0.0
30,18,76,48,124,4,6,win,lose,1,min_max,min_max,0.005326509475708008,0.0
26,22,59,33,92,4,6,win,lose,2,min_max,min_max,0.0034399032592773438,0.0
15,33,42,48,90,4,6,lose,win,1,min_max,min_max,0.0032825469970703125,0.0
28,20,70,54,124,4,6,win,lose,4,min_max,min_max,0.004077911376953125,0.0
31,17,81,45,126,4,6,win,lose,4,min_max,min_max,0.005096912384033203,0.0
25,23,66,45,111,4,6,win,lose,5,min_max,min_max,0.004145383834838867,0.0
21,27,46,72,118,4,6,lose,win,5,min_max,min_max,0.004065036773681641,0.0
37,11,29,21,50,4,6,win,lose,3,min_max,min_max,0.0017898082733154297,0.0
30,18,79,53,132,4,6,win,lose,2,min_max,min_max,0.0055196285247802734,0.0
23,25,65,66,131,4,6,lose,win,3,min_max,min_max,0.0055353641510009766,0.0
24,24,49,64,113,4,6,draw,draw,4,min_max,min_max,0.005420684814453125,0.0
22,26,41,67,108,4,6,lose,win,2,min_max,min_max,0.006393909454345703,0.0
29,19,65,43,108,4,6,win,lose,2,min_max,min_max,0.02550983428955078,1.0
25,23,64,54,118,4,6,win,lose,1,min_max,min_max,0.02303457260131836,1.0
31,17,80,39,119,4,6,win,lose,2,min_max,min_max,0.018953800201416016,1.0
29,19,65,47,112,4,6,win,lose,2,min_max,min_max,0.018936872482299805,1.0
26,22,57,54,111,4,6,win,lose,5,min_max,min_max,0.01777935028076172,1.0
27,21,55,55,110,4,6,win,lose,5,min_max,min_max,0.016722917556762695,1.0
31,17,77,47,124,4,6,win,lose,3,min_max,min_max,0.018154382705688477,1.0
31,17,67,45,112,4,6,win,lose,2,min_max,min_max,0.014513969421386719,1.0
16,32,42,80,122,4,6,lose,win,4,min_max,min_max,0.016179800033569336,1.0
27,21,63,47,110,4,6,win,lose,5,min_max,min_max,0.013318061828613281,1.0
17,31,36,70,106,4,6,lose,win,4,min_max,min_max,0.015627145767211914,1.0
20,28,46,61,107,4,6,lose,win,4,min_max,min_max,0.015980005264282227,1.0
26,22,58,50,108,4,6,win,lose,3,min_max,min_max,0.01518702507019043,1.0
25,23,59,58,117,4,6,win,lose,1,min_max,min_max,0.01610279083251953,1.0
33,15,84,40,124,4,6,win,lose,2,min_max,min_max,0.015281200408935547,1.0
33,15,75,36,111,4,6,win,lose,3,min_max,min_max,0.015301227569580078,1.0
33,15,79,37,116,4,6,win,lose,5,min_max,min_max,0.01808023452758789,1.0
34,14,84,36,120,4,6,win,lose,2,min_max,min_max,0.01574993133544922,1.0
32,16,74,40,114,4,6,win,lose,6,min_max,min_max,0.01648259162902832,1.0
25,23,64,53,117,4,6,win,lose,6,min_max,min_max,0.01624464988708496,1.0
25,23,49,47,96,4,6,win,lose,2,min_max,min_max,0.01563549041748047,1.0
28,20,67,37,104,4,6,win,lose,2,min_max,min_max,0.014814138412475586,1.0
29,19,61,43,104,4,6,win,lose,3,min_max,min_max,0.016567230224609375,1.0
31,17,80,38,118,4,6,win,lose,6,min_max,min_max,0.015662670135498047,1.0
23,25,60,62,122,4,6,lose,win,4,min_max,min_max,0.013071060180664062,1.0
30,18,73,35,108,4,6,win,lose,6,min_max,min_max,0.015366315841674805,1.0
26,22,68,41,109,4,6,win,lose,6,min_max,min_max,0.014759063720703125,1.0
29,19,60,46,106,4,6,win,lose,1,min_max,min_max,0.014786005020141602,1.0
27,21,74,52,126,4,6,win,lose,5,min_max,min_max,0.0158078670501709,1.0
26,22,58,59,117,4,6,win,lose,5,min_max,min_max,0.01648879051208496,1.0
31,17,81,47,128,4,6,win,lose,1,min_max,min_max,0.014581918716430664,1.0
23,25,58,60,118,4,6,lose,win,1,min_max,min_max,0.014713287353515625,1.0
28,20,52,60,112,4,6,win,lose,5,min_max,min_max,0.016323328018188477,1.0
30,18,62,49,111,4,6,win,lose,5,min_max,min_max,0.013294696807861328,1.0
29,19,71,46,117,4,6,win,lose,5,min_max,min_max,0.019921302795410156,1.0
20,28,53,55,108,4,6,lose,win,3,min_max,min_max,0.01703166961669922,1.0
33,15,82,42,124,4,6,win,lose,6,min_max,min_max,0.013959884643554688,1.0
28,20,69,49,118,4,6,win,lose,6,min_max,min_max,0.01623845100402832,1.0
31,17,69,44,113,4,6,win,lose,2,min_max,min_max,0.015717267990112305,1.0
23,25,63,52,115,4,6,lose,win,4,min_max,min_max,0.013187170028686523,1.0
26,22,61,52,113,4,6,win,lose,4,min_max,min_max,0.014831304550170898,1.0
30,18,81,42,123,4,6,win,lose,6,min_max,min_max,0.013698816299438477,1.0
25,23,69,47,116,4,6,win,lose,1,min_max,min_max,0.015272140502929688,1.0
19,29,43,64,107,4,6,lose,win,4,min_max,min_max,0.015038490295410156,1.0
27,21,57,43,100,4,6,win,lose,3,min_max,min_max,0.014011144638061523,1.0
32,16,81,37,118,4,6,win,lose,1,min_max,min_max,0.0154571533203125,1.0
31,17,77,45,122,4,6,win,lose,3,min_max,min_max,0.015515804290771484,1.0
28,20,63,50,113,4,6,win,lose,5,min_max,min_max,0.014352798461914062,1.0
28,20,68,53,121,4,6,win,lose,1,min_max,min_max,0.013966083526611328,1.0
19,29,53,61,114,4,6,lose,win,4,min_max,min_max,0.015246391296386719,1.0
35,13,83,36,119,4,6,win,lose,2,min_max,min_max,0.014691591262817383,1.0
27,21,55,47,102,4,6,win,lose,3,min_max,min_max,0.015071868896484375,1.0
28,20,61,49,110,4,6,win,lose,5,min_max,min_max,0.014636039733886719,1.0
31,17,70,37,107,4,6,win,lose,2,min_max,min_max,0.016132354736328125,1.0
30,18,76,46,122,4,6,win,lose,1,min_max,min_max,0.014777660369873047,1.0
28,20,69,49,118,4,6,win,lose,5,min_max,min_max,0.014223098754882812,1.0
26,22,65,44,109,4,6,win,lose,1,min_max,min_max,0.017038583755493164,1.0
27,21,60,39,99,4,6,win,lose,5,min_max,min_max,0.014750480651855469,1.0
32,16,75,37,112,4,6,win,lose,2,min_max,min_max,0.016506195068359375,1.0
26,22,58,56,114,4,6,win,lose,3,min_max,min_max,0.01662921905517578,1.0
21,27,54,65,119,4,6,lose,win,4,min_max,min_max,0.017864704132080078,1.0
22,26,47,61,108,4,6,lose,win,5,min_max,min_max,0.014297008514404297,1.0
19,29,43,70,113,4,6,lose,win,4,min_max,min_max,0.014795064926147461,1.0
25,23,69,59,128,4,6,win,lose,4,min_max,min_max,0.015872716903686523,1.0
18,30,42,61,103,4,6,lose,win,4,min_max,min_max,0.014062643051147461,1.0
30,18,62,34,96,4,6,win,lose,1,min_max,min_max,0.014005899429321289,1.0
32,16,77,41,118,4,6,win,lose,1,min_max,min_max,0.016222715377807617,1.0
30,18,77,36,113,4,6,win,lose,6,min_max,min_max,0.016104698181152344,1.0
25,23,66,58,124,4,6,win,lose,6,min_max,min_max,0.01578211784362793,1.0
28,20,49,48,97,4,6,win,lose,1,min_max,min_max,0.01570868492126465,1.0
27,21,69,44,113,4,6,win,lose,3,min_max,min_max,0.016202688217163086,1.0
25,23,59,47,106,4,6,win,lose,1,min_max,min_max,0.015267610549926758,1.0
25,23,63,61,124,4,6,win,lose,3,min_max,min_max,0.01764845848083496,1.0
27,21,67,57,124,4,6,win,lose,5,min_max,min_max,0.017527341842651367,1.0
21,27,63,61,124,4,6,lose,win,4,min_max,min_max,0.011940956115722656,1.0
20,28,53,76,129,4,6,lose,win,3,min_max,min_max,0.016287803649902344,1.0
22,26,46,63,109,4,6,lose,win,3,min_max,min_max,0.01604771614074707,1.0
31,17,69,46,115,4,6,win,lose,2,min_max,min_max,0.016505956649780273,1.0
33,15,74,48,122,4,6,win,lose,2,min_max,min_max,0.015918254852294922,1.0
22,26,43,65,108,4,6,lose,win,3,min_max,min_max,0.015743255615234375,1.0
22,26,53,64,117,4,6,lose,win,5,min_max,min_max,0.01718616485595703,1.0
29,19,64,43,107,4,6,win,lose,2,min_max,min_max,0.0168154239654541,1.0
22,26,54,62,116,4,6,lose,win,4,min_max,min_max,0.015225887298583984,1.0
26,22,62,52,114,4,6,win,lose,6,min_max,min_max,0.01654958724975586,1.0
27,21,68,58,126,4,6,win,lose,2,min_max,min_max,0.013524293899536133,1.0
27,21,65,52,117,4,6,win,lose,1,min_max,min_max,0.015402555465698242,1.0
31,17,68,38,106,4,6,win,lose,2,min_max,min_max,0.016894817352294922,1.0
17,31,40,78,118,4,6,lose,win,4,min_max,min_max,0.015269041061401367,1.0
31,17,66,41,107,4,6,win,lose,1,min_max,min_max,0.016721248626708984,1.0
30,18,70,46,116,4,6,win,lose,2,min_max,min_max,0.015450000762939453,1.0
30,18,65,43,108,4,6,win,lose,1,min_max,min_max,0.014145135879516602,1.0
16,32,46,69,115,4,6,lose,win,4,min_max,min_max,0.014432430267333984,1.0
21,27,46,78,124,4,6,lose,win,4,min_max,min_max,0.015778541564941406,1.0
20,28,54,71,125,4,6,lose,win,5,min_max,min_max,0.01745772361755371,1.0
33,15,78,34,112,4,6,win,lose,5,min_max,min_max,0.017513036727905273,1.0
21,27,56,51,107,4,6,lose,win,3,min_max,min_max,0.0165402889251709,1.0
35,13,78,33,111,4,6,win,lose,2,min_max,min_max,0.01619124412536621,1.0
25,23,51,50,101,4,6,win,lose,3,min_max,min_max,0.016058683395385742,1.0
23,25,58,60,118,4,6,lose,win,4,min_max,min_max,0.015691280364990234,1.0
29,19,71,49,120,4,6,win,lose,2,min_max,min_max,0.0163114070892334,1.0
31,17,64,35,99,4,6,win,lose,2,min_max,min_max,0.07533884048461914,2.0
24,24,56,51,107,4,6,draw,draw,1,min_max,min_max,0.06215667724609375,2.0
31,17,72,40,112,4,6,win,lose,2,min_max,min_max,0.0745241641998291,2.0
33,15,81,47,128,4,6,win,lose,2,min_max,min_max,0.07933497428894043,2.0
23,25,51,54,105,4,6,lose,win,5,min_max,min_max,0.06662106513977051,2.0
29,19,66,44,110,4,6,win,lose,5,min_max,min_max,0.06818151473999023,2.0
31,17,59,34,93,4,6,win,lose,3,min_max,min_max,0.08014440536499023,2.0
36,12,70,25,95,4,6,win,lose,2,min_max,min_max,0.06683635711669922,2.0
22,26,42,62,104,4,6,lose,win,4,min_max,min_max,0.054421186447143555,2.0
25,23,58,42,100,4,6,win,lose,5,min_max,min_max,0.059581756591796875,2.0
22,26,52,65,117,4,6,lose,win,4,min_max,min_max,0.055786848068237305,2.0
21,27,47,63,110,4,6,lose,win,4,min_max,min_max,0.054828643798828125,2.0
34,14,59,37,96,4,6,win,lose,3,min_max,min_max,0.07545351982116699,2.0
24,24,55,38,93,4,6,draw,draw,1,min_max,min_max,0.06475591659545898,2.0
33,15,60,35,95,4,6,win,lose,2,min_max,min_max,0.07035112380981445,2.0
32,16,68,42,110,4,6,win,lose,3,min_max,min_max,0.07476401329040527,2.0
27,21,59,44,103,4,6,win,lose,5,min_max,min_max,0.07086062431335449,2.0
37,11,81,26,107,4,6,win,lose,2,min_max,min_max,0.06890559196472168,2.0
32,16,63,40,103,4,6,win,lose,6,min_max,min_max,0.06586265563964844,2.0
34,14,68,34,102,4,6,win,lose,6,min_max,min_max,0.06404995918273926,2.0
35,13,75,32,107,4,6,win,lose,2,min_max,min_max,0.07225823402404785,2.0
33,15,63,35,98,4,6,win,lose,2,min_max,min_max,0.06027960777282715,2.0
28,20,48,43,91,4,6,win,lose,3,min_max,min_max,0.0778195858001709,2.0
29,19,58,38,96,4,6,win,lose,6,min_max,min_max,0.05803036689758301,2.0
21,27,48,68,116,4,6,lose,win,4,min_max,min_max,0.05483245849609375,2.0
32,16,67,37,104,4,6,win,lose,6,min_max,min_max,0.06805276870727539,2.0
30,18,60,41,101,4,6,win,lose,6,min_max,min_max,0.06388425827026367,2.0
25,23,52,51,103,4,6,win,lose,1,min_max,min_max,0.07075762748718262,2.0
28,20,60,42,102,4,6,win,lose,5,min_max,min_max,0.06561470031738281,2.0
24,24,57,43,100,4,6,draw,draw,5,min_max,min_max,0.06432676315307617,2.0
26,22,70,48,118,4,6,win,lose,1,min_max,min_max,0.0601046085357666,2.0
23,25,57,52,109,4,6,lose,win,1,min_max,min_max,0.053499460220336914,2.0
25,23,53,50,103,4,6,win,lose,5,min_max,min_max,0.06366801261901855,2.0
22,26,60,61,121,4,6,lose,win,5,min_max,min_max,0.06511545181274414,2.0
26,22,50,47,97,4,6,win,lose,5,min_max,min_max,0.06238508224487305,2.0
32,16,68,37,105,4,6,win,lose,3,min_max,min_max,0.07082366943359375,2.0
29,19,57,40,97,4,6,win,lose,6,min_max,min_max,0.07255792617797852,2.0
31,17,59,45,104,4,6,win,lose,6,min_max,min_max,0.0634925365447998,2.0
33,15,66,32,98,4,6,win,lose,2,min_max,min_max,0.06433486938476562,2.0
21,27,51,63,114,4,6,lose,win,4,min_max,min_max,0.04848933219909668,2.0
20,28,49,65,114,4,6,lose,win,4,min_max,min_max,0.046770572662353516,2.0
29,19,68,47,115,4,6,win,lose,6,min_max,min_max,0.0700232982635498,2.0
28,20,59,52,111,4,6,win,lose,1,min_max,min_max,0.0668172836303711,2.0
20,28,48,61,109,4,6,lose,win,4,min_max,min_max,0.04748940467834473,2.0
30,18,58,29,87,4,6,win,lose,3,min_max,min_max,0.06551885604858398,2.0
30,18,57,40,97,4,6,win,lose,1,min_max,min_max,0.06113624572753906,2.0
31,17,62,44,106,4,6,win,lose,3,min_max,min_max,0.08637714385986328,2.0
28,20,60,42,102,4,6,win,lose,5,min_max,min_max,0.11416316032409668,2.0
30,18,59,40,99,4,6,win,lose,1,min_max,min_max,0.0846858024597168,2.0
21,27,49,59,108,4,6,lose,win,4,min_max,min_max,0.06103682518005371,2.0
30,18,63,38,101,4,6,win,lose,2,min_max,min_max,0.07519388198852539,2.0
28,20,50,45,95,4,6,win,lose,3,min_max,min_max,0.08930659294128418,2.0
25,23,74,58,132,4,6,win,lose,5,min_max,min_max,0.08247828483581543,2.0
31,17,68,38,106,4,6,win,lose,2,min_max,min_max,0.10225176811218262,2.0
30,18,60,39,99,4,6,win,lose,1,min_max,min_max,0.08680534362792969,2.0
28,20,74,45,119,4,6,win,lose,5,min_max,min_max,0.07483887672424316,2.0
25,23,61,52,113,4,6,win,lose,1,min_max,min_max,0.06927871704101562,2.0
25,23,65,45,110,4,6,win,lose,5,min_max,min_max,0.06952404975891113,2.0
31,17,59,38,97,4,6,win,lose,2,min_max,min_max,0.08064937591552734,2.0
31,17,60,45,105,4,6,win,lose,3,min_max,min_max,0.0828859806060791,2.0
21,27,51,69,120,4,6,lose,win,4,min_max,min_max,0.06749629974365234,2.0
28,20,59,43,102,4,6,win,lose,5,min_max,min_max,0.07969832420349121,2.0
22,26,53,64,117,4,6,lose,win,4,min_max,min_max,0.06723451614379883,2.0
21,27,44,59,103,4,6,lose,win,4,min_max,min_max,0.07398295402526855,2.0
22,26,54,69,123,4,6,lose,win,4,min_max,min_max,0.061894893646240234,2.0
27,21,68,44,112,4,6,win,lose,1,min_max,min_max,0.07547688484191895,2.0
25,23,57,52,109,4,6,win,lose,1,min_max,min_max,0.08244967460632324,2.0
26,22,52,51,103,4,6,win,lose,6,min_max,min_max,0.0851895809173584,2.0
33,15,61,33,94,4,6,win,lose,6,min_max,min_max,0.07393860816955566,2.0
20,28,43,49,92,4,6,lose,win,1,min_max,min_max,0.0710752010345459,2.0
30,18,60,44,104,4,6,win,lose,3,min_max,min_max,0.08478021621704102,2.0
24,24,62,42,104,4,6,draw,draw,1,min_max,min_max,0.0757753849029541,2.0
30,18,59,46,105,4,6,win,lose,3,min_max,min_max,0.08375287055969238,2.0
24,24,56,53,109,4,6,draw,draw,5,min_max,min_max,0.07262563705444336,2.0
22,26,48,61,109,4,6,lose,win,4,min_max,min_max,0.05708813667297363,2.0
26,22,56,61,117,4,6,win,lose,3,min_max,min_max,0.09515547752380371,2.0
27,21,62,45,107,4,6,win,lose,3,min_max,min_max,0.08855104446411133,2.0
35,13,72,35,107,4,6,win,lose,2,min_max,min_max,0.07350921630859375,2.0
33,15,57,35,92,4,6,win,lose,2,min_max,min_max,0.08309793472290039,2.0
33,15,69,40,109,4,6,win,lose,3,min_max,min_max,0.08165335655212402,2.0
27,21,67,49,116,4,6,win,lose,5,min_max,min_max,0.07749605178833008,2.0
38,10,70,23,93,4,6,win,lose,2,min_max,min_max,0.0883183479309082,2.0
22,26,51,59,110,4,6,lose,win,4,min_max,min_max,0.06307840347290039,2.0
32,16,68,37,105,4,6,win,lose,6,min_max,min_max,0.07261323928833008,2.0
32,16,58,40,98,4,6,win,lose,2,min_max,min_max,0.07352471351623535,2.0
21,27,48,59,107,4,6,lose,win,1,min_max,min_max,0.07472443580627441,2.0
31,17,69,44,113,4,6,win,lose,2,min_max,min_max,0.07006025314331055,2.0
21,27,53,65,118,4,6,lose,win,4,min_max,min_max,0.06422829627990723,2.0
24,24,56,51,107,4,6,draw,draw,1,min_max,min_max,0.06638216972351074,2.0
31,17,62,38,100,4,6,win,lose,2,min_max,min_max,0.07582855224609375,2.0
32,16,73,42,115,4,6,win,lose,1,min_max,min_max,0.08732366561889648,2.0
21,27,46,62,108,4,6,lose,win,4,min_max,min_max,0.05649518966674805,2.0
21,27,51,61,112,4,6,lose,win,4,min_max,min_max,0.0619814395904541,2.0
26,22,62,51,113,4,6,win,lose,5,min_max,min_max,0.07451558113098145,2.0
23,25,56,55,111,4,6,lose,win,5,min_max,min_max,0.07168412208557129,2.0
32,16,64,36,100,4,6,win,lose,3,min_max,min_max,0.08192110061645508,2.0
37,11,68,28,96,4,6,win,lose,2,min_max,min_max,0.08006644248962402,2.0
29,19,60,40,100,4,6,win,lose,3,min_max,min_max,0.08009648323059082,2.0
21,27,52,61,113,4,6,lose,win,4,min_max,min_max,0.05549168586730957,2.0
35,13,74,38,112,4,6,win,lose,2,min_max,min_max,0.07112240791320801,2.0
38,10,85,31,116,4,6,win,lose,2,min_max,min_max,0.34740400314331055,3.0
31,17,70,28,98,4,6,win,lose,1,min_max,min_max,0.3106191158294678,3.0
39,9,80,24,104,4,6,win,lose,2,min_max,min_max,0.26615381240844727,3.0
36,12,78,24,102,4,6,win,lose,2,min_max,min_max,0.26992225646972656,3.0
22,26,52,49,101,4,6,lose,win,5,min_max,min_max,0.29764223098754883,3.0
24,24,61,54,115,4,6,draw,draw,5,min_max,min_max,0.2901492118835449,3.0
24,24,41,49,90,4,6,draw,draw,3,min_max,min_max,0.3391997814178467,3.0
38,10,77,31,108,4,6,win,lose,2,min_max,min_max,0.304140567779541,3.0
21,27,46,68,114,4,6,lose,win,4,min_max,min_max,0.22623634338378906,3.0
26,22,55,45,100,4,6,win,lose,5,min_max,min_max,0.30742835998535156,3.0
25,23,53,46,99,4,6,win,lose,4,min_max,min_max,0.33157992362976074,3.0
21,27,49,62,111,4,6,lose,win,4,min_max,min_max,0.21099352836608887,3.0
25,23,60,41,101,4,6,win,lose,3,min_max,min_max,0.3424534797668457,3.0
35,13,77,27,104,4,6,win,lose,1,min_max,min_max,0.2752079963684082,3.0
37,11,78,27,105,4,6,win,lose,2,min_max,min_max,0.26842188835144043,3.0
23,25,56,50,106,4,6,lose,win,3,min_max,min_max,0.31966710090637207,3.0
25,23,62,57,119,4,6,win,lose,5,min_max,min_max,0.28739404678344727,3.0
36,12,80,26,106,4,6,win,lose,2,min_max,min_max,0.26898789405822754,3.0
35,13,68,27,95,4,6,win,lose,6,min_max,min_max,0.25019121170043945,3.0
30,18,65,42,107,4,6,win,lose,6,min_max,min_max,0.27084970474243164,3.0
37,11,84,25,109,4,6,win,lose,2,min_max,min_max,0.2687947750091553,3.0
38,10,73,23,96,4,6,win,lose,2,min_max,min_max,0.26208043098449707,3.0
21,27,52,46,98,4,6,lose,win,3,min_max,min_max,0.3055684566497803,3.0
34,14,74,33,107,4,6,win,lose,6,min_max,min_max,0.25505995750427246,3.0
19,29,47,65,112,4,6,lose,win,4,min_max,min_max,0.21182990074157715,3.0
29,19,59,47,106,4,6,win,lose,6,min_max,min_max,0.2850925922393799,3.0
33,15,76,35,111,4,6,win,lose,6,min_max,min_max,0.25430822372436523,3.0
35,13,93,31,124,4,6,win,lose,1,min_max,min_max,0.27522897720336914,3.0
23,25,54,50,104,4,6,lose,win,5,min_max,min_max,0.2746891975402832,3.0
28,20,48,43,91,4,6,win,lose,5,min_max,min_max,0.2684497833251953,3.0
34,14,83,42,125,4,6,win,lose,1,min_max,min_max,0.26911139488220215,3.0
33,15,85,27,112,4,6,win,lose,1,min_max,min_max,0.2676420211791992,3.0
22,26,51,46,97,4,6,lose,win,5,min_max,min_max,0.257199764251709,3.0
25,23,56,43,99,4,6,win,lose,5,min_max,min_max,0.2850465774536133,3.0
26,22,55,49,104,4,6,win,lose,5,min_max,min_max,0.27227091789245605,3.0
23,25,49,56,105,4,6,lose,win,3,min_max,min_max,0.3221395015716553,3.0
30,18,71,27,98,4,6,win,lose,6,min_max,min_max,0.24409055709838867,3.0
33,15,77,36,113,4,6,win,lose,6,min_max,min_max,0.2703521251678467,3.0
36,12,78,23,101,4,6,win,lose,2,min_max,min_max,0.26668381690979004,3.0
21,27,43,61,104,4,6,lose,win,4,min_max,min_max,0.19232177734375,3.0
22,26,49,48,97,4,6,lose,win,4,min_max,min_max,0.28154468536376953,3.0
35,13,69,30,99,4,6,win,lose,6,min_max,min_max,0.24704861640930176,3.0
34,14,76,38,114,4,6,win,lose,1,min_max,min_max,0.29044580459594727,3.0
23,25,51,53,104,4,6,lose,win,4,min_max,min_max,0.2602384090423584,3.0
22,26,44,50,94,4,6,lose,win,3,min_max,min_max,0.32077455520629883,3.0
37,11,89,23,112,4,6,win,lose,1,min_max,min_max,0.29163527488708496,3.0
21,27,47,56,103,4,6,lose,win,3,min_max,min_max,0.3130617141723633,3.0
24,24,55,49,104,4,6,draw,draw,5,min_max,min_max,0.28836679458618164,3.0
36,12,76,28,104,4,6,win,lose,1,min_max,min_max,0.2477707862854004,3.0
27,21,65,41,106,4,6,win,lose,4,min_max,min_max,0.268352746963501,3.0
38,10,76,30,106,4,6,win,lose,2,min_max,min_max,0.31920504570007324,3.0
22,26,48,55,103,4,6,lose,win,3,min_max,min_max,0.3179936408996582,3.0
25,23,60,48,108,4,6,win,lose,5,min_max,min_max,0.28053998947143555,3.0
38,10,87,26,113,4,6,win,lose,2,min_max,min_max,0.275956392288208,3.0
36,12,79,25,104,4,6,win,lose,1,min_max,min_max,0.295856237411499,3.0
26,22,52,48,100,4,6,win,lose,5,min_max,min_max,0.26863646507263184,3.0
33,15,77,38,115,4,6,win,lose,1,min_max,min_max,0.2821345329284668,3.0
24,24,59,45,104,4,6,draw,draw,5,min_max,min_max,0.2552649974822998,3.0
38,10,83,22,105,4,6,win,lose,2,min_max,min_max,0.27028894424438477,3.0
21,27,45,45,90,4,6,lose,win,3,min_max,min_max,0.3153061866760254,3.0
15,33,40,66,106,4,6,lose,win,4,min_max,min_max,0.21880388259887695,3.0
25,23,56,45,101,4,6,win,lose,5,min_max,min_max,0.29093003273010254,3.0
20,28,38,65,103,4,6,lose,win,4,min_max,min_max,0.27109694480895996,3.0
21,27,42,65,107,4,6,lose,win,4,min_max,min_max,0.1940906047821045,3.0
18,30,37,64,101,4,6,lose,win,4,min_max,min_max,0.22780108451843262,3.0
33,15,83,37,120,4,6,win,lose,1,min_max,min_max,0.27750253677368164,3.0
32,16,76,30,106,4,6,win,lose,1,min_max,min_max,0.27215003967285156,3.0
34,14,73,28,101,4,6,win,lose,6,min_max,min_max,0.247802734375,3.0
33,15,67,45,112,4,6,win,lose,6,min_max,min_max,0.28972601890563965,3.0
35,13,86,24,110,4,6,win,lose,1,min_max,min_max,0.30665087699890137,3.0
24,24,48,52,100,4,6,draw,draw,3,min_max,min_max,0.29297924041748047,3.0
36,12,80,26,106,4,6,win,lose,1,min_max,min_max,0.2808678150177002,3.0
24,24,53,48,101,4,6,draw,draw,3,min_max,min_max,0.30597996711730957,3.0
26,22,58,42,100,4,6,win,lose,5,min_max,min_max,0.2839505672454834,3.0
18,30,40,68,108,4,6,lose,win,4,min_max,min_max,0.23572278022766113,3.0
22,26,56,46,102,4,6,lose,win,3,min_max,min_max,0.32314157485961914,3.0
22,26,43,47,90,4,6,lose,win,3,min_max,min_max,0.33730435371398926,3.0
36,12,77,25,102,4,6,win,lose,2,min_max,min_max,0.29094958305358887,3.0
37,11,77,27,104,4,6,win,lose,2,min_max,min_max,0.26915669441223145,3.0
23,25,51,52,103,4,6,lose,win,3,min_max,min_max,0.3188602924346924,3.0
26,22,42,42,84,4,6,win,lose,5,min_max,min_max,0.2587711811065674,3.0
38,10,79,21,100,4,6,win,lose,2,min_max,min_max,0.2752683162689209,3.0
19,29,51,68,119,4,6,lose,win,4,min_max,min_max,0.282106876373291,3.0
35,13,63,27,90,4,6,win,lose,6,min_max,min_max,0.31170034408569336,3.0
37,11,81,28,109,4,6,win,lose,2,min_max,min_max,0.38374853134155273,3.0
32,16,74,36,110,4,6,win,lose,1,min_max,min_max,0.3574516773223877,3.0
39,9,75,20,95,4,6,win,lose,2,min_max,min_max,0.34144139289855957,3.0
18,30,40,74,114,4,6,lose,win,4,min_max,min_max,0.2747809886932373,3.0
36,12,86,28,114,4,6,win,lose,1,min_max,min_max,0.3396155834197998,3.0
37,11,78,23,101,4,6,win,lose,2,min_max,min_max,0.3363332748413086,3.0
33,15,82,40,122,4,6,win,lose,1,min_max,min_max,0.3346376419067383,3.0
21,27,50,66,116,4,6,lose,win,4,min_max,min_max,0.25100111961364746,3.0
21,27,48,68,116,4,6,lose,win,4,min_max,min_max,0.24073290824890137,3.0
27,21,61,48,109,4,6,win,lose,5,min_max,min_max,0.3442113399505615,3.0
25,23,60,47,107,4,6,win,lose,5,min_max,min_max,0.33803319931030273,3.0
22,26,52,54,106,4,6,lose,win,3,min_max,min_max,0.41211962699890137,3.0
37,11,76,25,101,4,6,win,lose,2,min_max,min_max,0.31603312492370605,3.0
21,27,47,49,96,4,6,lose,win,3,min_max,min_max,0.37580180168151855,3.0
17,31,40,66,106,4,6,lose,win,4,min_max,min_max,0.25107479095458984,3.0
37,11,79,26,105,4,6,win,lose,2,min_max,min_max,0.3215153217315674,3.0
32,16,60,25,85,4,6,win,lose,2,min_max,min_max,1.6602015495300293,4.0
32,16,77,33,110,4,6,win,lose,1,min_max,min_max,1.4573402404785156,4.0
36,12,74,24,98,4,6,win,lose,2,min_max,min_max,1.8493196964263916,4.0
32,16,58,39,97,4,6,win,lose,2,min_max,min_max,1.735304832458496,4.0
25,23,57,61,118,4,6,win,lose,5,min_max,min_max,1.479112148284912,4.0
25,23,56,63,119,4,6,win,lose,5,min_max,min_max,1.4832165241241455,4.0
25,23,43,42,85,4,6,win,lose,3,min_max,min_max,1.7089006900787354,4.0
29,19,71,46,117,4,6,win,lose,2,min_max,min_max,1.475764274597168,4.0
19,29,46,71,117,4,6,lose,win,4,min_max,min_max,1.041621208190918,4.0
26,22,57,65,122,4,6,win,lose,5,min_max,min_max,1.4842896461486816,4.0
19,29,40,66,106,4,6,lose,win,4,min_max,min_max,1.3069772720336914,4.0
17,31,44,69,113,4,6,lose,win,4,min_max,min_max,1.1290767192840576,4.0
29,19,57,56,113,4,6,win,lose,3,min_max,min_max,1.6563000679016113,4.0
31,17,75,32,107,4,6,win,lose,1,min_max,min_max,1.488659381866455,4.0
37,11,81,30,111,4,6,win,lose,2,min_max,min_max,1.7031505107879639,4.0
23,25,56,52,108,4,6,lose,win,3,min_max,min_max,1.754884958267212,4.0
23,25,51,69,120,4,6,lose,win,5,min_max,min_max,1.4921870231628418,4.0
33,15,65,39,104,4,6,win,lose,2,min_max,min_max,1.6424541473388672,4.0
35,13,74,31,105,4,6,win,lose,6,min_max,min_max,1.5831873416900635,4.0
33,15,72,40,112,4,6,win,lose,6,min_max,min_max,1.4256579875946045,4.0
33,15,69,40,109,4,6,win,lose,2,min_max,min_max,1.788783311843872,4.0
37,11,73,27,100,4,6,win,lose,2,min_max,min_max,1.7456226348876953,4.0
23,25,52,47,99,4,6,lose,win,3,min_max,min_max,1.6606378555297852,4.0
32,16,70,42,112,4,6,win,lose,6,min_max,min_max,1.434370994567871,4.0
18,30,43,64,107,4,6,lose,win,4,min_max,min_max,1.0339946746826172,4.0
33,15,68,37,105,4,6,win,lose,6,min_max,min_max,1.432373285293579,4.0
38,10,81,21,102,4,6,win,lose,6,min_max,min_max,1.4092960357666016,4.0
32,16,82,43,125,4,6,win,lose,1,min_max,min_max,1.485105037689209,4.0
24,24,56,62,118,4,6,draw,draw,5,min_max,min_max,1.5004639625549316,4.0
25,23,56,62,118,4,6,win,lose,5,min_max,min_max,1.5174670219421387,4.0
32,16,77,41,118,4,6,win,lose,1,min_max,min_max,1.496750831604004,4.0
33,15,82,36,118,4,6,win,lose,1,min_max,min_max,1.4525525569915771,4.0
22,26,52,51,103,4,6,lose,win,5,min_max,min_max,1.4976661205291748,4.0
24,24,57,55,112,4,6,draw,draw,5,min_max,min_max,1.5298519134521484,4.0
26,22,54,59,113,4,6,win,lose,5,min_max,min_max,1.5156841278076172,4.0
22,26,56,47,103,4,6,lose,win,3,min_max,min_max,1.71578049659729,4.0
38,10,74,21,95,4,6,win,lose,6,min_max,min_max,1.3221850395202637,4.0
32,16,66,29,95,4,6,win,lose,6,min_max,min_max,1.4061036109924316,4.0
30,18,60,40,100,4,6,win,lose,2,min_max,min_max,1.4598884582519531,4.0
19,29,42,69,111,4,6,lose,win,4,min_max,min_max,1.2114436626434326,4.0
20,28,25,61,86,4,6,lose,win,4,min_max,min_max,1.2622520923614502,4.0
35,13,66,13,79,4,6,win,lose,6,min_max,min_max,1.3331785202026367,4.0
31,17,72,35,107,4,6,win,lose,1,min_max,min_max,1.3354477882385254,4.0
17,31,43,72,115,4,6,lose,win,4,min_max,min_max,1.1060240268707275,4.0
30,18,68,52,120,4,6,win,lose,3,min_max,min_max,1.69209885597229,4.0
35,13,69,29,98,4,6,win,lose,1,min_max,min_max,1.4291467666625977,4.0
28,20,60,52,112,4,6,win,lose,3,min_max,min_max,1.6810684204101562,4.0
23,25,54,47,101,4,6,lose,win,5,min_max,min_max,1.3959681987762451,4.0
33,15,70,30,100,4,6,win,lose,1,min_max,min_max,1.4387435913085938,4.0
18,30,41,67,108,4,6,lose,win,4,min_max,min_max,1.1011216640472412,4.0
38,10,71,27,98,4,6,win,lose,2,min_max,min_max,1.7800004482269287,4.0
29,19,66,49,115,4,6,win,lose,3,min_max,min_max,1.6156206130981445,4.0
27,21,58,42,100,4,6,win,lose,5,min_max,min_max,1.3791086673736572,4.0
27,21,61,43,104,4,6,win,lose,2,min_max,min_max,1.4406602382659912,4.0
32,16,77,42,119,4,6,win,lose,1,min_max,min_max,1.3148365020751953,4.0
25,23,51,50,101,4,6,win,lose,5,min_max,min_max,1.479670763015747,4.0
33,15,81,38,119,4,6,win,lose,1,min_max,min_max,1.5717287063598633,4.0
25,23,54,53,107,4,6,win,lose,5,min_max,min_max,1.4756863117218018,4.0
39,9,80,30,110,4,6,win,lose,2,min_max,min_max,1.7172260284423828,4.0
24,24,58,50,108,4,6,draw,draw,3,min_max,min_max,1.8165309429168701,4.0
17,31,47,73,120,4,6,lose,win,4,min_max,min_max,1.0871422290802002,4.0
28,20,51,38,89,4,6,win,lose,5,min_max,min_max,1.3798294067382812,4.0
19,29,37,65,102,4,6,lose,win,4,min_max,min_max,1.3305714130401611,4.0
17,31,46,70,116,4,6,lose,win,4,min_max,min_max,1.182884931564331,4.0
17,31,38,69,107,4,6,lose,win,4,min_max,min_max,0.9807083606719971,4.0
32,16,81,45,126,4,6,win,lose,1,min_max,min_max,1.2343165874481201,4.0
33,15,77,34,111,4,6,win,lose,1,min_max,min_max,1.2142221927642822,4.0
38,10,75,21,96,4,6,win,lose,6,min_max,min_max,1.088310956954956,4.0
37,11,75,24,99,4,6,win,lose,6,min_max,min_max,1.1042320728302002,4.0
33,15,80,30,110,4,6,win,lose,1,min_max,min_max,1.3600733280181885,4.0
30,18,66,50,116,4,6,win,lose,3,min_max,min_max,1.8246264457702637,4.0
33,15,70,31,101,4,6,win,lose,1,min_max,min_max,1.546872615814209,4.0
21,27,54,64,118,4,6,lose,win,3,min_max,min_max,2.403623342514038,4.0
24,24,57,64,121,4,6,draw,draw,5,min_max,min_max,1.8782432079315186,4.0
19,29,44,70,114,4,6,lose,win,4,min_max,min_max,1.1455883979797363,4.0
22,26,56,51,107,4,6,lose,win,3,min_max,min_max,1.7828397750854492,4.0
22,26,46,50,96,4,6,lose,win,3,min_max,min_max,1.746734857559204,4.0
30,18,54,30,84,4,6,win,lose,2,min_max,min_max,1.6380045413970947,4.0
33,15,63,33,96,4,6,win,lose,2,min_max,min_max,1.718874454498291,4.0
29,19,65,59,124,4,6,win,lose,3,min_max,min_max,1.657637596130371,4.0
21,27,51,60,111,4,6,lose,win,5,min_max,min_max,1.4063165187835693,4.0
29,19,69,52,121,4,6,win,lose,2,min_max,min_max,1.5349977016448975,4.0
17,31,43,70,113,4,6,lose,win,4,min_max,min_max,1.126462697982788,4.0
38,10,73,23,96,4,6,win,lose,6,min_max,min_max,1.3746528625488281,4.0
37,11,70,29,99,4,6,win,lose,2,min_max,min_max,1.8765687942504883,4.0
31,17,77,39,116,4,6,win,lose,1,min_max,min_max,1.2277522087097168,4.0
34,14,56,38,94,4,6,win,lose,2,min_max,min_max,1.522033929824829,4.0
17,31,46,67,113,4,6,lose,win,4,min_max,min_max,0.9879128932952881,4.0
32,16,77,32,109,4,6,win,lose,1,min_max,min_max,1.2351248264312744,4.0
31,17,72,49,121,4,6,win,lose,2,min_max,min_max,1.2648546695709229,4.0
33,15,75,36,111,4,6,win,lose,1,min_max,min_max,1.1480767726898193,4.0
23,25,32,58,90,4,6,lose,win,4,min_max,min_max,1.0389859676361084,4.0
15,33,37,62,99,4,6,lose,win,4,min_max,min_max,0.9757809638977051,4.0
24,24,55,63,118,4,6,draw,draw,5,min_max,min_max,1.3008902072906494,4.0
24,24,55,54,109,4,6,draw,draw,5,min_max,min_max,1.293135643005371,4.0
22,26,47,50,97,4,6,lose,win,3,min_max,min_max,1.4027271270751953,4.0
36,12,63,28,91,4,6,win,lose,2,min_max,min_max,1.565960168838501,4.0
28,20,63,60,123,4,6,win,lose,3,min_max,min_max,1.394376277923584,4.0
19,29,37,63,100,4,6,lose,win,4,min_max,min_max,0.9153652191162109,4.0
33,15,78,36,114,4,6,win,lose,2,min_max,min_max,1.293708324432373,4.0
30,18,65,51,116,4,6,win,lose,2,min_max,min_max,5.721285343170166,5.0
32,16,78,41,119,4,6,win,lose,1,min_max,min_max,5.659993648529053,5.0
29,19,66,36,102,4,6,win,lose,2,min_max,min_max,5.054646015167236,5.0
35,13,67,30,97,4,6,win,lose,2,min_max,min_max,6.416625261306763,5.0
25,23,53,54,107,4,6,win,lose,5,min_max,min_max,5.001078367233276,5.0
24,24,54,52,106,4,6,draw,draw,5,min_max,min_max,5.323585033416748,5.0
21,27,49,46,95,4,6,lose,win,3,min_max,min_max,6.413396596908569,5.0
31,17,60,49,109,4,6,win,lose,2,min_max,min_max,5.647492170333862,5.0
22,26,62,58,120,4,6,lose,win,4,min_max,min_max,4.005370855331421,5.0
25,23,52,52,104,4,6,win,lose,5,min_max,min_max,4.910210847854614,5.0
22,26,51,66,117,4,6,lose,win,4,min_max,min_max,3.7425711154937744,5.0
21,27,53,54,107,4,6,lose,win,4,min_max,min_max,3.7207813262939453,5.0
22,26,50,48,98,4,6,lose,win,3,min_max,min_max,6.357014179229736,5.0
31,17,70,36,106,4,6,win,lose,1,min_max,min_max,5.219710350036621,5.0
29,19,59,36,95,4,6,win,lose,2,min_max,min_max,5.1675803661346436,5.0
23,25,50,53,103,4,6,lose,win,3,min_max,min_max,6.402569055557251,5.0
25,23,56,60,116,4,6,win,lose,5,min_max,min_max,5.228056192398071,5.0
33,15,68,36,104,4,6,win,lose,2,min_max,min_max,6.200754642486572,5.0
33,15,74,42,116,4,6,win,lose,6,min_max,min_max,5.317245006561279,5.0
33,15,74,44,118,4,6,win,lose,6,min_max,min_max,5.142448902130127,5.0
37,11,69,28,97,4,6,win,lose,2,min_max,min_max,5.877136468887329,5.0
34,14,83,37,120,4,6,win,lose,2,min_max,min_max,6.836627960205078,5.0
23,25,43,43,86,4,6,lose,win,3,min_max,min_max,6.2800517082214355,5.0
32,16,70,37,107,4,6,win,lose,6,min_max,min_max,5.217764854431152,5.0
20,28,50,62,112,4,6,lose,win,4,min_max,min_max,3.901926279067993,5.0
32,16,68,39,107,4,6,win,lose,6,min_max,min_max,5.396653175354004,5.0
32,16,71,35,106,4,6,win,lose,6,min_max,min_max,5.192032098770142,5.0
33,15,77,33,110,4,6,win,lose,1,min_max,min_max,5.560186386108398,5.0
26,22,52,52,104,4,6,win,lose,5,min_max,min_max,4.900008201599121,5.0
24,24,54,53,107,4,6,draw,draw,5,min_max,min_max,5.523586988449097,5.0
31,17,82,41,123,4,6,win,lose,1,min_max,min_max,5.710373878479004,5.0
32,16,77,35,112,4,6,win,lose,1,min_max,min_max,5.855573654174805,5.0
27,21,57,51,108,4,6,win,lose,5,min_max,min_max,5.2227396965026855,5.0
25,23,54,51,105,4,6,win,lose,5,min_max,min_max,5.3623106479644775,5.0
25,23,63,50,113,4,6,win,lose,5,min_max,min_max,5.285794019699097,5.0
23,25,48,49,97,4,6,lose,win,3,min_max,min_max,6.1532301902771,5.0
33,15,64,33,97,4,6,win,lose,6,min_max,min_max,5.252684593200684,5.0
32,16,70,38,108,4,6,win,lose,6,min_max,min_max,5.1320226192474365,5.0
35,13,77,28,105,4,6,win,lose,2,min_max,min_max,5.954759836196899,5.0
21,27,53,68,121,4,6,lose,win,4,min_max,min_max,3.712369680404663,5.0
19,29,42,55,97,4,6,lose,win,4,min_max,min_max,3.884347438812256,5.0
34,14,69,37,106,4,6,win,lose,6,min_max,min_max,5.283295392990112,5.0
32,16,82,43,125,4,6,win,lose,1,min_max,min_max,5.640244245529175,5.0
21,27,47,60,107,4,6,lose,win,4,min_max,min_max,3.6535520553588867,5.0
21,27,51,46,97,4,6,lose,win,3,min_max,min_max,6.70894718170166,5.0
32,16,79,38,117,4,6,win,lose,1,min_max,min_max,5.231197357177734,5.0
24,24,58,48,106,4,6,draw,draw,3,min_max,min_max,6.867635726928711,5.0
25,23,47,50,97,4,6,win,lose,5,min_max,min_max,5.341107368469238,5.0
34,14,83,35,118,4,6,win,lose,1,min_max,min_max,5.6790382862091064,5.0
19,29,44,55,99,4,6,lose,win,4,min_max,min_max,3.8108580112457275,5.0
37,11,70,28,98,4,6,win,lose,2,min_max,min_max,5.940571069717407,5.0
22,26,51,51,102,4,6,lose,win,3,min_max,min_max,6.406511306762695,5.0
25,23,47,50,97,4,6,win,lose,5,min_max,min_max,5.375030994415283,5.0
30,18,61,13,74,4,6,win,lose,2,min_max,min_max,6.4721081256866455,5.0
32,16,75,36,111,4,6,win,lose,1,min_max,min_max,6.6050660610198975,5.0
25,23,53,54,107,4,6,win,lose,5,min_max,min_max,5.168510675430298,5.0
31,17,74,39,113,4,6,win,lose,1,min_max,min_max,5.593270301818848,5.0
24,24,54,52,106,4,6,draw,draw,5,min_max,min_max,5.5267157554626465,5.0
34,14,68,41,109,4,6,win,lose,2,min_max,min_max,6.251357555389404,5.0
23,25,46,45,91,4,6,lose,win,3,min_max,min_max,6.4710533618927,5.0
21,27,48,61,109,4,6,lose,win,4,min_max,min_max,3.794259786605835,5.0
25,23,49,52,101,4,6,win,lose,5,min_max,min_max,5.400838851928711,5.0
21,27,46,61,107,4,6,lose,win,4,min_max,min_max,3.814629077911377,5.0
22,26,50,66,116,4,6,lose,win,4,min_max,min_max,3.932136297225952,5.0
20,28,53,66,119,4,6,lose,win,4,min_max,min_max,5.179675340652466,5.0
33,15,77,28,105,4,6,win,lose,1,min_max,min_max,6.193421125411987,5.0
31,17,76,43,119,4,6,win,lose,1,min_max,min_max,6.154906749725342,5.0
33,15,75,37,112,4,6,win,lose,6,min_max,min_max,5.542537212371826,5.0
32,16,66,39,105,4,6,win,lose,6,min_max,min_max,5.548161029815674,5.0
31,17,70,28,98,4,6,win,lose,1,min_max,min_max,5.387575149536133,5.0
24,24,47,44,91,4,6,draw,draw,3,min_max,min_max,6.681422710418701,5.0
32,16,75,38,113,4,6,win,lose,1,min_max,min_max,5.889415979385376,5.0
21,27,48,47,95,4,6,lose,win,3,min_max,min_max,7.641040563583374,5.0
25,23,55,51,106,4,6,win,lose,5,min_max,min_max,5.522141933441162,5.0
22,26,49,66,115,4,6,lose,win,4,min_max,min_max,3.9067845344543457,5.0
23,25,54,50,104,4,6,lose,win,3,min_max,min_max,7.162529945373535,5.0
22,26,49,44,93,4,6,lose,win,3,min_max,min_max,6.594477653503418,5.0
34,14,77,25,102,4,6,win,lose,2,min_max,min_max,6.467643737792969,5.0
36,12,84,29,113,4,6,win,lose,2,min_max,min_max,6.5739898681640625,5.0
23,25,44,55,99,4,6,lose,win,3,min_max,min_max,6.780474424362183,5.0
25,23,60,62,122,4,6,win,lose,5,min_max,min_max,5.440953969955444,5.0
34,14,54,39,93,4,6,win,lose,2,min_max,min_max,6.3178675174713135,5.0
21,27,46,64,110,4,6,lose,win,4,min_max,min_max,3.835685968399048,5.0
33,15,68,35,103,4,6,win,lose,6,min_max,min_max,5.949096441268921,5.0
34,14,64,39,103,4,6,win,lose,2,min_max,min_max,6.374627590179443,5.0
31,17,84,42,126,4,6,win,lose,1,min_max,min_max,5.2436864376068115,5.0
37,11,74,20,94,4,6,win,lose,2,min_max,min_max,5.826794385910034,5.0
20,28,44,62,106,4,6,lose,win,4,min_max,min_max,4.249696969985962,5.0
32,16,83,41,124,4,6,win,lose,1,min_max,min_max,6.00494122505188,5.0
32,16,67,46,113,4,6,win,lose,2,min_max,min_max,7.0507190227508545,5.0
31,17,73,35,108,4,6,win,lose,1,min_max,min_max,5.851227283477783,5.0
22,26,47,58,105,4,6,lose,win,4,min_max,min_max,4.234562158584595,5.0
19,29,48,66,114,4,6,lose,win,4,min_max,min_max,4.139528036117554,5.0
25,23,66,62,128,4,6,win,lose,5,min_max,min_max,5.639334440231323,5.0
23,25,56,61,117,4,6,lose,win,5,min_max,min_max,5.541451692581177,5.0
23,25,49,46,95,4,6,lose,win,3,min_max,min_max,6.757523775100708,5.0
28,20,63,51,114,4,6,win,lose,2,min_max,min_max,7.333024740219116,5.0
22,26,51,45,96,4,6,lose,win,3,min_max,min_max,7.397793292999268,5.0
19,29,50,66,116,4,6,lose,win,4,min_max,min_max,3.973302125930786,5.0
33,15,62,30,92,4,6,win,lose,2,min_max,min_max,6.347084999084473,5.0
35,13,68,34,102,4,6,win,lose,2,min_max,min_max,30.53661561012268,6.0
35,13,72,34,106,4,6,win,lose,1,min_max,min_max,28.664899587631226,6.0
34,14,73,35,108,4,6,win,lose,2,min_max,min_max,31.169416666030884,6.0
29,19,60,42,102,4,6,win,lose,2,min_max,min_max,24.08757781982422,6.0
25,23,61,66,127,4,6,win,lose,5,min_max,min_max,26.11904525756836,6.0
25,23,59,62,121,4,6,win,lose,5,min_max,min_max,24.693331480026245,6.0
23,25,53,44,97,4,6,lose,win,3,min_max,min_max,31.478039503097534,6.0
30,18,67,40,107,4,6,win,lose,2,min_max,min_max,23.364234685897827,6.0
13,35,33,78,111,4,6,lose,win,4,min_max,min_max,19.613945245742798,6.0
25,23,57,59,116,4,6,win,lose,5,min_max,min_max,24.501108407974243,6.0
15,33,53,76,129,4,6,lose,win,4,min_max,min_max,20.89474868774414,6.0
12,36,37,79,116,4,6,lose,win,4,min_max,min_max,19.571813106536865,6.0
22,26,48,49,97,4,6,lose,win,3,min_max,min_max,30.04676866531372,6.0
36,12,69,25,94,4,6,win,lose,1,min_max,min_max,26.507818460464478,6.0
29,19,67,39,106,4,6,win,lose,2,min_max,min_max,22.55878257751465,6.0
21,27,52,46,98,4,6,lose,win,3,min_max,min_max,30.491069316864014,6.0
26,22,58,63,121,4,6,win,lose,5,min_max,min_max,24.626471519470215,6.0
33,15,67,41,108,4,6,win,lose,2,min_max,min_max,30.59278416633606,6.0
34,14,73,32,105,4,6,win,lose,6,min_max,min_max,22.588252305984497,6.0
33,15,75,31,106,4,6,win,lose,6,min_max,min_max,23.10795259475708,6.0
29,19,60,38,98,4,6,win,lose,2,min_max,min_max,23.212234258651733,6.0
29,19,61,35,96,4,6,win,lose,2,min_max,min_max,22.44956398010254,6.0
22,26,58,52,110,4,6,lose,win,3,min_max,min_max,30.312118530273438,6.0
33,15,60,39,99,4,6,win,lose,6,min_max,min_max,24.83261251449585,6.0
12,36,31,73,104,4,6,lose,win,4,min_max,min_max,17.914864778518677,6.0
34,14,68,33,101,4,6,win,lose,6,min_max,min_max,22.59328055381775,6.0
30,18,62,40,102,4,6,win,lose,6,min_max,min_max,22.932124614715576,6.0
35,13,73,36,109,4,6,win,lose,1,min_max,min_max,28.43414306640625,6.0
26,22,53,65,118,4,6,win,lose,5,min_max,min_max,23.300397634506226,6.0
26,22,58,63,121,4,6,win,lose,5,min_max,min_max,23.396011352539062,6.0
30,18,73,40,113,4,6,win,lose,1,min_max,min_max,25.787236213684082,6.0
35,13,82,37,119,4,6,win,lose,1,min_max,min_max,28.75403666496277,6.0
25,23,58,67,125,4,6,win,lose,5,min_max,min_max,23.577682971954346,6.0
25,23,56,62,118,4,6,win,lose,5,min_max,min_max,23.41574764251709,6.0
26,22,58,63,121,4,6,win,lose,5,min_max,min_max,23.697948217391968,6.0
20,28,52,65,117,4,6,lose,win,3,min_max,min_max,31.806509494781494,6.0
34,14,60,37,97,4,6,win,lose,6,min_max,min_max,24.841068029403687,6.0
33,15,68,40,108,4,6,win,lose,6,min_max,min_max,24.274231672286987,6.0
33,15,71,45,116,4,6,win,lose,2,min_max,min_max,29.17230463027954,6.0
13,35,37,76,113,4,6,lose,win,4,min_max,min_max,20.07121706008911,6.0
16,32,33,80,113,4,6,lose,win,4,min_max,min_max,18.225133180618286,6.0
33,15,66,34,100,4,6,win,lose,6,min_max,min_max,25.33282995223999,6.0
33,15,82,39,121,4,6,win,lose,1,min_max,min_max,30.23033571243286,6.0
14,34,36,78,114,4,6,lose,win,4,min_max,min_max,18.85088324546814,6.0
21,27,42,54,96,4,6,lose,win,3,min_max,min_max,31.4704487323761,6.0
34,14,71,31,102,4,6,win,lose,1,min_max,min_max,28.44009017944336,6.0
22,26,51,45,96,4,6,lose,win,3,min_max,min_max,29.96082043647766,6.0
25,23,55,62,117,4,6,win,lose,5,min_max,min_max,23.539503574371338,6.0
32,16,71,39,110,4,6,win,lose,1,min_max,min_max,28.386066436767578,6.0
13,35,31,79,110,4,6,lose,win,4,min_max,min_max,17.892399072647095,6.0
31,17,58,40,98,4,6,win,lose,2,min_max,min_max,23.470214128494263,6.0
20,28,44,58,102,4,6,lose,win,3,min_max,min_max,30.312122106552124,6.0
25,23,54,63,117,4,6,win,lose,5,min_max,min_max,23.40242075920105,6.0
37,11,76,30,106,4,6,win,lose,2,min_max,min_max,27.80466365814209,6.0
33,15,74,46,120,4,6,win,lose,1,min_max,min_max,28.431299924850464,6.0
25,23,60,63,123,4,6,win,lose,5,min_max,min_max,23.7405366897583,6.0
32,16,80,32,112,4,6,win,lose,1,min_max,min_max,24.947781324386597,6.0
25,23,59,62,121,4,6,win,lose,5,min_max,min_max,23.332518815994263,6.0
32,16,70,43,113,4,6,win,lose,2,min_max,min_max,29.830353498458862,6.0
24,24,32,47,79,4,6,draw,draw,3,min_max,min_max,30.577314615249634,6.0
14,34,36,77,113,4,6,lose,win,4,min_max,min_max,17.964609146118164,6.0
26,22,53,65,118,4,6,win,lose,5,min_max,min_max,23.24363136291504,6.0
13,35,40,84,124,4,6,lose,win,4,min_max,min_max,21.61546277999878,6.0
15,33,33,80,113,4,6,lose,win,4,min_max,min_max,19.413406133651733,6.0
14,34,34,79,113,4,6,lose,win,4,min_max,min_max,18.18718910217285,6.0
31,17,71,37,108,4,6,win,lose,1,min_max,min_max,25.515611171722412,6.0
30,18,69,17,86,4,6,win,lose,1,min_max,min_max,24.50077724456787,6.0
32,16,73,23,96,4,6,win,lose,6,min_max,min_max,23.05193018913269,6.0
33,15,74,39,113,4,6,win,lose,6,min_max,min_max,24.305572986602783,6.0
33,15,78,39,117,4,6,win,lose,1,min_max,min_max,25.822442770004272,6.0
22,26,53,51,104,4,6,lose,win,3,min_max,min_max,28.323041915893555,6.0
32,16,70,39,109,4,6,win,lose,1,min_max,min_max,28.230238437652588,6.0
23,25,50,48,98,4,6,lose,win,3,min_max,min_max,28.99150800704956,6.0
25,23,54,63,117,4,6,win,lose,5,min_max,min_max,23.35681962966919,6.0
12,36,31,73,104,4,6,lose,win,4,min_max,min_max,18.295133590698242,6.0
22,26,47,48,95,4,6,lose,win,3,min_max,min_max,28.81627869606018,6.0
23,25,52,52,104,4,6,lose,win,3,min_max,min_max,29.594801664352417,6.0
34,14,73,41,114,4,6,win,lose,2,min_max,min_max,28.44164252281189,6.0
33,15,67,39,106,4,6,win,lose,2,min_max,min_max,28.919923543930054,6.0
23,25,57,54,111,4,6,lose,win,3,min_max,min_max,30.453778505325317,6.0
25,23,54,63,117,4,6,win,lose,5,min_max,min_max,23.366396188735962,6.0
29,19,57,40,97,4,6,win,lose,2,min_max,min_max,22.35417127609253,6.0
13,35,33,82,115,4,6,lose,win,4,min_max,min_max,18.44843816757202,6.0
34,14,79,41,120,4,6,win,lose,6,min_max,min_max,23.648300886154175,6.0
28,20,59,43,102,4,6,win,lose,2,min_max,min_max,22.951898097991943,6.0
36,12,68,23,91,4,6,win,lose,1,min_max,min_max,24.694151878356934,6.0
29,19,65,35,100,4,6,win,lose,2,min_max,min_max,22.743521451950073,6.0
14,34,39,82,121,4,6,lose,win,4,min_max,min_max,19.616592168807983,6.0
35,13,75,34,109,4,6,win,lose,1,min_max,min_max,30.06886053085327,6.0
32,16,69,39,108,4,6,win,lose,2,min_max,min_max,29.12950086593628,6.0
32,16,70,39,109,4,6,win,lose,1,min_max,min_max,30.18021297454834,6.0
13,35,34,84,118,4,6,lose,win,4,min_max,min_max,18.56686758995056,6.0
13,35,32,90,122,4,6,lose,win,4,min_max,min_max,18.938516855239868,6.0
26,22,58,63,121,4,6,win,lose,5,min_max,min_max,25.629714012145996,6.0
26,22,55,63,118,4,6,win,lose,5,min_max,min_max,25.312352418899536,6.0
22,26,50,49,99,4,6,lose,win,3,min_max,min_max,32.840754985809326,6.0
29,19,64,44,108,4,6,win,lose,2,min_max,min_max,26.47561478614807,6.0
21,27,54,46,100,4,6,lose,win,3,min_max,min_max,35.748045206069946,6.0
14,34,38,82,120,4,6,lose,win,4,min_max,min_max,22.45537781715393,6.0
34,14,79,25,104,4,6,win,lose,2,min_max,min_max,33.62148380279541,6.0
